<?xml version="1.0" encoding="UTF-8"?>
<project-private xmlns="http://www.netbeans.org/ns/project-private/1">
    <editor-bookmarks xmlns="http://www.netbeans.org/ns/editor-bookmarks/2" lastBookmarkId="0"/>
    <open-files xmlns="http://www.netbeans.org/ns/projectui-open-files/2">
        <group>
            <file>file:/C:/Users/lenovo/OneDrive/文档/NetBeansProjects/StudentPortal/src/java/RegisterServlet.java</file>
            <file>file:/C:/Users/lenovo/OneDrive/文档/NetBeansProjects/StudentPortal/src/java/AddUserServlet.java</file>
            <file>file:/C:/Users/lenovo/OneDrive/文档/NetBeansProjects/StudentPortal/web/registeration.html</file>
            <file>file:/C:/Users/lenovo/OneDrive/文档/NetBeansProjects/StudentPortal/src/java/login.java</file>
            <file>file:/C:/Users/lenovo/OneDrive/文档/NetBeansProjects/StudentPortal/web/Student_Test_Grades.html</file>
            <file>file:/C:/Users/lenovo/OneDrive/文档/NetBeansProjects/StudentPortal/src/java/kruskalMST.java</file>
            <file>file:/C:/Users/lenovo/OneDrive/文档/NetBeansProjects/StudentPortal/web/index.html</file>
            <file>file:/C:/Users/lenovo/OneDrive/文档/NetBeansProjects/StudentPortal/src/java/EditUserServlet.java</file>
            <file>file:/C:/Users/lenovo/OneDrive/文档/NetBeansProjects/StudentPortal/src/java/Student_Test_Grades.java</file>
            <file>file:/C:/Users/lenovo/OneDrive/文档/NetBeansProjects/StudentPortal/src/java/logout.java</file>
            <file>file:/C:/Users/lenovo/OneDrive/文档/NetBeansProjects/StudentPortal/src/java/DashboardServlet.java</file>
            <file>file:/C:/Users/lenovo/OneDrive/文档/NetBeansProjects/StudentPortal/src/java/userProfile.java</file>
        </group>
    </open-files>
</project-private>
